asking_price,distance_to_dt,building_age_max,bathrooms,parking_spots,sqft_min,photo_count
619900,12.666904559615256,1,0.001669449081803005,0.001669449081803005,500,7
515000,1.2146382283139179,16,0.001669449081803005,0,500,17
1195000,2.048764812679714,21,0.0016680567139282735,8.340283569641367e-4,1000,36
869000,1.4527162197735726,0,0.001430615164520744,0,600,25
476000,16.019394974386387,1,0.001669449081803005,0.001669449081803005,500,17
649000,15.50437581486436,22,0.002002002002002002,0.001001001001001001,900,23
794000,14.980167831433274,NA,0.002224694104560623,0.0011123470522803114,800,6
622000,15.25620415664389,21,0.002002002002002002,0,900,10
344000,11.816707028182433,49,0.0012515644555694619,0.0012515644555694619,700,10
535000,18.622751521434243,44,0.0016680567139282735,8.340283569641367e-4,1000,24
799000,3.2834432118341454,10,0.002224694104560623,0.0011123470522803114,800,40
569000,16.573563624425176,40,0.0016680567139282735,8.340283569641367e-4,1000,26
1165000,5.039116183756449,4,0.002002002002002002,0.001001001001001001,900,29
728000,1.265696707163634,7,0.001430615164520744,0,600,16
839000,14.948706001853518,NA,0.002861230329041488,0.001430615164520744,600,9
1268000,13.78759765751688,10,0.0014295925661186562,7.147962830593281e-4,1200,20
850888,14.789843082477947,1,0.002224694104560623,0.0011123470522803114,800,31
1099000,11.306220715656378,19,0.001001001001001001,0.001001001001001001,900,25
740000,14.980167831433274,1,0.002861230329041488,0.001430615164520744,600,5
1399999,14.874675618737015,19,0.0016675931072818232,0.0011117287381878821,1600,34
1190000,5.152254081195338,NA,0.002224694104560623,0.0011123470522803114,800,NA
689000,1.1150783047694266,12,0.001669449081803005,0.001669449081803005,500,29
749000,7.62730186315601,15,0.0011123470522803114,0.0011123470522803114,800,16
649000,3.21035083220818,0,0.002004008016032064,0,0,18
1499000,14.874675618737015,19,0.0015007503751875938,0.0010005002501250625,1800,34
930000,18.9864999132759,5,0.002224694104560623,0.0011123470522803114,800,33
639900,13.873659273360339,NA,0.002861230329041488,0.001430615164520744,600,21
1008888,1.2485315445497496,4,0.002224694104560623,0.0011123470522803114,800,34
1024990,11.1466176257337,30,0.0014295925661186562,0.0014295925661186562,1200,29
558000,1.3264824956860788,21,0.001669449081803005,0.001669449081803005,500,20
899900,1.5904689692742842,17,0.0016680567139282735,8.340283569641367e-4,1000,38
839000,2.185629348770226,2,0.0025031289111389237,0,700,17
798900,10.109832269177891,1,0.0016680567139282735,8.340283569641367e-4,1000,35
889000,1.538074406239302,17,0.002224694104560623,0.0011123470522803114,800,40
819900,2.5180476715585574,0,0.0018450184501845018,0.0018450184501845018,542,40
149900,20.20079252421682,49,0.001430615164520744,0.001430615164520744,600,NA
474900,11.816707028182433,49,0.001001001001001001,0.001001001001001001,900,24
899000,0.903801241628061,15,0.002224694104560623,0.0011123470522803114,800,10
580000,19.865023214701186,42,7.147962830593281e-4,7.147962830593281e-4,1200,34
699900,1.375503641321811,14,0.001430615164520744,0.001430615164520744,600,21
525000,3.871947919727924,6,0.001669449081803005,0,500,NA
699900,6.8226990728251975,1,0.002861230329041488,0,600,26
975000,0.7250758148470082,NA,0.002861230329041488,0,600,2
582000,11.41129512694115,30,0.0016680567139282735,8.340283569641367e-4,1000,30
799700,1.8572504243011603,11,0.002224694104560623,0.0011123470522803114,800,8
790000,2.7449824475979407,0,0.0025031289111389237,0.0012515644555694619,700,21
628800,11.693292530822774,29,0.0011123470522803114,0.0011123470522803114,800,13
898000,2.4529897284696665,30,0.0016680567139282735,8.340283569641367e-4,1000,33
699990,13.940057125487648,6,0.0016680567139282735,8.340283569641367e-4,1000,40
709000,16.243192412910094,1,0.002224694104560623,0.0011123470522803114,800,38
549900,3.4286208384702155,29,0.001430615164520744,0,600,15
1279900,4.433104685409138,35,0.0012507817385866166,6.253908692933083e-4,1400,24
850000,6.876986560487061,1,0.0025031289111389237,0.0012515644555694619,700,31
499000,14.970073454879099,NA,0.001669449081803005,0,500,34
538000,18.960283169956316,10,0.001430615164520744,0.001430615164520744,600,25
699000,3.2193894266846055,4,0.002861230329041488,0.001430615164520744,600,17
888888,13.233763888359544,5,0.002002002002002002,0.001001001001001001,900,30
888000,12.680887574244595,17,0.0016680567139282735,0.0025020850708924102,1000,28
859000,14.376488082741238,24,0.0016680567139282735,8.340283569641367e-4,1000,21
635000,2.1610462333552283,17,0.001669449081803005,0.001669449081803005,500,16
699000,1.455888305303517,2,0.001430615164520744,0,600,14
849800,6.876986560487061,1,0.0025031289111389237,0,700,6
1499000,3.3473675968842813,38,0.0012507817385866166,6.253908692933083e-4,1400,35
660000,2.3425312639256837,30,0.0016680567139282735,0,1000,20
849900,2.144732247801579,2,0.001669449081803005,0,500,20
1150000,18.53287413080604,1,0.002144388849177984,7.147962830593281e-4,1200,29
850000,4.971809845106018,7,0.002224694104560623,0.0011123470522803114,800,24
499900,10.276732407167268,49,0.0016680567139282735,8.340283569641367e-4,1000,37
525000,21.559932938241797,39,0.0014295925661186562,7.147962830593281e-4,1200,17
649000,2.072391812398828,6,0.001669449081803005,0.001669449081803005,500,20
968000,2.185629348770226,3,0.0025031289111389237,0.0012515644555694619,700,29
789000,10.359882257901342,NA,0.0012515644555694619,0.0012515644555694619,700,16
699900,3.1458463667298515,12,0.002224694104560623,0.0011123470522803114,800,32
1099000,13.950178264084919,12,0.0014295925661186562,7.147962830593281e-4,1200,27
635000,1.1066406678696485,10,0.001430615164520744,0.001430615164520744,600,15
499000,15.776490165494495,27,7.147962830593281e-4,7.147962830593281e-4,1200,37
1139990,4.74222998780339,1,0.002002002002002002,0.001001001001001001,900,19
752900,3.4136570884864494,1,0.001430615164520744,0,600,13
1488800,1.3303568168237279,3,0.0016680567139282735,8.340283569641367e-4,1000,40
559000,5.644607868449692,6,0.001669449081803005,0,500,17
569900,0.6097326775604643,5,0.001669449081803005,0,500,14
1039900,3.309035232380036,8,0.002224694104560623,0.0011123470522803114,800,15
498000,9.87388327523117,24,0.001430615164520744,0.001430615164520744,600,13
969000,5.451676876961692,1,0.002861230329041488,0.001430615164520744,600,26
709000,0.8068250861523782,13,0.001669449081803005,0.001669449081803005,500,15
998000,1.2448132286174587,6,0.002002002002002002,0.001001001001001001,900,20
680000,14.948706001853518,1,0.002861230329041488,0.001430615164520744,600,3
539900,2.6987433188517462,49,0.001669449081803005,0,500,40
995000,5.561450273679553,38,0.0011117287381878821,5.558643690939411e-4,1600,19
779000,3.3957992369555208,6,0.0025031289111389237,0.0012515644555694619,700,30
1076990,2.267752112277668,NA,0.0016680567139282735,8.340283569641367e-4,1000,15
999000,2.390810386640689,11,0.0016680567139282735,8.340283569641367e-4,1000,25
649900,2.5129600781132764,31,0.001430615164520744,0,600,20
449900,25.904721008297997,NA,0.002004008016032064,0,0,14
589000,23.362130309309677,31,0.0016680567139282735,8.340283569641367e-4,1000,20
524900,24.342473229252597,27,0.0014295925661186562,7.147962830593281e-4,1200,30
789888,13.774686088335578,15,0.0012004801920768306,0.0012004801920768306,2250,33
649000,13.096464157378707,6,0.0025031289111389237,0.0012515644555694619,700,30
899000,1.4440016338493429,21,8.340283569641367e-4,8.340283569641367e-4,1000,28
829900,0.5035946232039381,30,0.0014295925661186562,7.147962830593281e-4,1200,34
1119900,0.8446889398213339,12,0.0016680567139282735,8.340283569641367e-4,1000,40
769000,2.5066587520935917,24,0.0016680567139282735,0,1000,26
665000,1.3229586861496987,31,0.0016680567139282735,0,1000,11
1099000,1.0294926466252625,5,0.002002002002002002,0.001001001001001001,900,22
635000,16.100000687845288,5,0.002002002002002002,0.001001001001001001,900,27
559900,20.189206689076016,33,0.0014295925661186562,0.0014295925661186562,1200,14
739999,1.723304547809225,31,0.0012515644555694619,0.0012515644555694619,700,13
599000,7.674002877835546,23,0.001001001001001001,0.001001001001001001,900,18
550000,18.583686600351644,44,0.0012507817385866166,0.001876172607879925,1400,27
759900,1.5706474304864957,1,0.002861230329041488,0,600,5
529000,11.1466176257337,30,0.001430615164520744,0.001430615164520744,600,18
589000,12.009147649376995,1,0.001669449081803005,0.001669449081803005,500,40
749900,12.106859046033938,5,0.0016680567139282735,8.340283569641367e-4,1000,15
539900,7.506756926555361,NA,0.002004008016032064,0,0,9
749000,28.80959567497494,28,0.0025015634771732333,0.0012507817385866166,1400,18
648888,3.168647168187057,18,0.001430615164520744,0,600,31
899900,2.154763547193707,1,0.0011123470522803114,0,800,9
779000,11.395595723716253,1,0.0025031289111389237,0.0012515644555694619,700,15
599000,11.723981365333353,4,0.001669449081803005,0.001669449081803005,500,6
798000,1.2224047102292308,5,0.0025031289111389237,0,700,29
649900,1.8694971020605275,4,0.001430615164520744,0,600,2
439900,23.471211049549947,36,0.0012515644555694619,0.0012515644555694619,700,1
600000,11.395595723716253,1,0.001669449081803005,0.001669449081803005,500,9
649990,10.967225870746631,1,0.002861230329041488,0.001430615164520744,600,35
889000,3.162328986678887,8,0.0012515644555694619,0.0012515644555694619,700,39
619999,2.4827640855782214,NA,0.0011123470522803114,0,800,18
529900,2.3425312639256837,30,0.0012515644555694619,0.0012515644555694619,700,33
379900,11.936960585118781,49,0.0012515644555694619,0.0012515644555694619,700,9
649900,0.4903851403378564,12,0.0011123470522803114,0.0011123470522803114,800,36
745800,1.937067277940234,10,0.001430615164520744,0,600,28
643000,7.19396721790674,2,0.001669449081803005,0,500,16
649000,3.7749167170797935,6,0.001669449081803005,0.001669449081803005,500,26
489900,1.608213641032227,8,0.002004008016032064,0,0,40
560000,23.005642984651125,46,7.147962830593281e-4,7.147962830593281e-4,1200,28
939000,0.9815181859324107,41,8.340283569641367e-4,8.340283569641367e-4,1000,23
1099900,1.2448132286174587,6,0.0016680567139282735,8.340283569641367e-4,1000,27
360000,19.15616926343768,NA,0.001001001001001001,0.001001001001001001,900,11
839000,3.1410995810832065,16,0.0025031289111389237,0.0012515644555694619,700,32
439000,19.550093435399155,50,0.001001001001001001,0.001001001001001001,900,30
699800,7.136559517400256,5,0.0012515644555694619,0.0012515644555694619,700,40
548000,1.443064393687011,8,0.002004008016032064,0,0,18
880000,1.5142663925476987,30,0.0014295925661186562,7.147962830593281e-4,1200,30
1349000,12.680887574244595,17,0.0012507817385866166,0.0012507817385866166,1400,37
529000,18.733328414442536,5,0.0025031289111389237,0,700,11
918000,1.5141640315875071,2,0.002002002002002002,0,900,39
808000,1.879475676029333,13,0.0025031289111389237,0.0012515644555694619,700,17
658000,14.938861877888051,16,0.001430615164520744,0.001430615164520744,600,31
820000,13.227280868762868,5,0.002861230329041488,0.001430615164520744,600,36
630000,1.443375265175855,7,0.001430615164520744,0.001430615164520744,600,22
499000,13.801292185868625,7,0.001669449081803005,0.001669449081803005,500,35
819900,15.92911346327737,11,0.002002002002002002,0.001001001001001001,900,27
539900,2.4218657314198335,0,0.002004008016032064,0,0,34
1180000,3.628311841271304,0,0.002224694104560623,0.0011123470522803114,800,18
519900,16.94954329870664,47,0.001001001001001001,0.001001001001001001,900,27
699900,15.262093990355401,1,0.0025031289111389237,0.0012515644555694619,700,19
699000,13.624368406491099,17,0.001430615164520744,0.001430615164520744,600,21
1150000,7.3513332062142265,11,0.002144388849177984,7.147962830593281e-4,1200,27
569000,4.063657375544839,7,0.001669449081803005,0.001669449081803005,500,26
525000,9.943807483255037,47,0.001001001001001001,0.001001001001001001,900,12
1095000,2.7862509746587003,8,0.002002002002002002,0.001001001001001001,900,19
439000,1.2146382283139179,16,0.001430615164520744,0,600,12
529000,20.41135427446144,7,0.001430615164520744,0.001430615164520744,600,11
1017400,13.139021028275982,1,0.002002002002002002,0.001001001001001001,900,10
499900,18.927827121218865,46,0.0013333333333333333,6.666666666666666e-4,1100,26
719000,0.8068250861523782,13,0.001430615164520744,0.001430615164520744,600,21
499000,3.2834157715696746,9,0.002004008016032064,0,0,40
1249000,2.007655767969961,21,8.340283569641367e-4,8.340283569641367e-4,1000,39
875000,2.3690442167431387,21,0.002002002002002002,0.001001001001001001,900,39
659000,5.099748830070355,14,0.0012515644555694619,0,700,25
649900,3.2455840259098196,7,0.001669449081803005,0.001669449081803005,500,24
629900,11.218090774171795,2,0.001430615164520744,0.001430615164520744,600,7
810000,14.980167831433274,1,0.002224694104560623,0.0011123470522803114,800,32
540000,14.742757775670546,44,0.001001001001001001,0.001001001001001001,900,24
649000,15.262093990355401,1,0.001430615164520744,0.001430615164520744,600,19
599000,21.441784563502203,29,0.0025031289111389237,0.0012515644555694619,700,19
799900,1.3742134199069227,11,0.0012515644555694619,0.0012515644555694619,700,31
770000,2.5169448000897936,2,0.0025031289111389237,0.0012515644555694619,700,21
929500,0.5881333223830765,10,0.001001001001001001,0,900,6
599000,14.114100513436547,12,0.002002002002002002,0.001001001001001001,900,32
528800,14.281736357037595,5,0.001430615164520744,0.001430615164520744,600,38
849000,13.474869395985127,14,0.0016680567139282735,0.0016680567139282735,1000,24
599900,8.778758272353388,10,0.001430615164520744,0.001430615164520744,600,29
715000,2.390810386640689,11,0.001430615164520744,0,600,23
529900,25.942716132402815,30,0.0014295925661186562,7.147962830593281e-4,1200,6
1069000,11.587450161588517,31,0.0012507817385866166,6.253908692933083e-4,1400,24
628000,9.996017338983389,1,0.001669449081803005,0,500,25
849900,3.340708326268776,50,0.0012515644555694619,0.0012515644555694619,700,19
399000,1.5643245704264768,2,0.002004008016032064,0,0,27
499000,10.060534892321087,7,0.001669449081803005,0,500,25
769000,1.4514442733607449,4,0.001430615164520744,0.001430615164520744,600,13
469900,15.293812125545434,30,0.0012515644555694619,0.0012515644555694619,700,33
789000,2.5583032992956944,5,0.001430615164520744,0.001430615164520744,600,20
519000,2.976082208154901,3,0.002004008016032064,0,0,13
769000,2.5125630764741334,5,0.001669449081803005,0,500,18
434900,9.528235328780113,49,0.001430615164520744,0.001430615164520744,600,26
599900,1.5712832536854415,12,0.001430615164520744,0.001430615164520744,600,34
419900,25.942716132402815,30,0.0012515644555694619,0.0012515644555694619,700,28
1199880,1.2181865501999143,15,0.0016680567139282735,8.340283569641367e-4,1000,27
599900,11.277978669925576,11,0.001430615164520744,0.001430615164520744,600,30
799000,0.9292757262922214,0,0.001669449081803005,0.001669449081803005,500,25
599000,13.88474930778193,6,0.001430615164520744,0.001430615164520744,600,40
1498000,12.494913328168689,1,0.0016680567139282735,8.340283569641367e-4,1000,38
450000,13.767738801990854,21,0.001430615164520744,0.001430615164520744,600,5
599000,7.042950271486466,0,0.001669449081803005,0,500,10
799999,1.5024215150038662,0,0.001430615164520744,0,600,15
810000,10.87648721540194,31,0.002002002002002002,0.001001001001001001,900,30
669000,17.013658279122616,1,0.0025031289111389237,0.0012515644555694619,700,11
809900,0.6178228836583649,5,0.0025031289111389237,0.0012515644555694619,700,37
589000,26.463414397169434,29,0.0014295925661186562,0.0014295925661186562,1200,13
687800,13.514193596490319,18,0.0025031289111389237,0.0012515644555694619,700,33
989990,2.5252019471658147,0,0.0025031289111389237,0.0012515644555694619,700,17
649900,2.6499317854255384,24,0.002224694104560623,0.0011123470522803114,800,11
999000,3.239960468771431,16,0.002224694104560623,0.0011123470522803114,800,24
895000,3.8095533077135775,NA,0.0016680567139282735,8.340283569641367e-4,1000,18
999999,1.6712082536987094,0,0.002224694104560623,0.0011123470522803114,800,13
1299990,4.605398043345102,6,0.0025020850708924102,0.0016680567139282735,1000,30
439000,22.01839552503129,29,0.0016680567139282735,8.340283569641367e-4,1000,21
549000,18.960283169956316,10,0.0025031289111389237,0.0012515644555694619,700,35
719900,10.053814472655466,20,0.0016680567139282735,0.0016680567139282735,1000,40
588000,20.795971792651958,22,0.002002002002002002,0.002002002002002002,900,26
598888,1.3598299481905527,6,0.001430615164520744,0.001430615164520744,600,39
799900,9.173581800335409,18,0.002002002002002002,0.001001001001001001,900,19
938000,3.278272295554531,7,0.002224694104560623,0.0011123470522803114,800,19
958000,1.587993370164349,28,0.0014295925661186562,7.147962830593281e-4,1200,22
999900,10.184052471761651,0,0.002224694104560623,0.0011123470522803114,800,24
639000,14.790368378075724,NA,0.0025031289111389237,0.0012515644555694619,700,7
599000,7.1315826803136355,7,0.001430615164520744,0.001430615164520744,600,NA
699000,13.865920242195505,7,0.001430615164520744,0.001430615164520744,600,15
888000,2.267752112277668,NA,0.001430615164520744,0.001430615164520744,600,14
1199000,5.131407619034398,51,0.0014295925661186562,7.147962830593281e-4,1200,29
799000,14.980167831433274,NA,0.002224694104560623,0.0011123470522803114,800,15
999900,1.500278838051194,21,0.002002002002002002,0.001001001001001001,900,19
489900,0.6097326775604643,5,0.002004008016032064,0,0,11
669900,11.746349168909632,0,0.002861230329041488,0.001430615164520744,600,20
729888,0.8943681441618085,11,0.002224694104560623,0.0011123470522803114,800,34
555000,7.1315826803136355,7,0.001669449081803005,0,500,37
598800,14.970073454879099,NA,0.001669449081803005,0.001669449081803005,500,8
549000,10.971431502018332,4,0.001430615164520744,0.001430615164520744,600,14
725000,11.002236199859968,30,0.002002002002002002,0.001001001001001001,900,35
610000,3.9898277299580975,6,0.001430615164520744,0.001430615164520744,600,32
1399000,3.8215918608309805,3,0.0014295925661186562,7.147962830593281e-4,1200,35
799900,13.781714345003849,45,0.0016680567139282735,8.340283569641367e-4,1000,7
530000,17.458091056199574,31,0.0011123470522803114,0.0011123470522803114,800,15
799900,11.339811069937381,10,0.0025031289111389237,0.0012515644555694619,700,5
565000,11.115698259881237,12,0.001430615164520744,0.001430615164520744,600,16
949000,0.769172227224374,5,0.001430615164520744,0.001430615164520744,600,4
837500,7.409051096129146,0,0.002861230329041488,0,600,32
498000,15.101294016358894,2,0.002004008016032064,0,0,21
569000,14.789843082477947,1,0.002004008016032064,0.002004008016032064,0,23
15000,15.386778211845247,17,NA,0.002004008016032064,0,NA
539000,25.28900863937848,31,0.0016680567139282735,8.340283569641367e-4,1000,35
1139000,3.435007579042032,39,0.0012507817385866166,6.253908692933083e-4,1400,40
498888,18.913236258326314,1,0.001669449081803005,0.001669449081803005,500,16
729800,1.2802543046954373,4,0.001430615164520744,0,600,32
584900,19.989196801043605,49,0.0014295925661186562,7.147962830593281e-4,1200,30
539000,13.11680147439038,9,0.001669449081803005,0.001669449081803005,500,17
550000,0.9419545568631147,30,0.002004008016032064,0.002004008016032064,0,15
809000,2.7632795735415034,31,0.0016680567139282735,8.340283569641367e-4,1000,19
658000,15.225540777094684,11,0.001430615164520744,0.001430615164520744,600,32
647000,3.159611558950496,8,0.0025031289111389237,0.0012515644555694619,700,28
535000,3.31439465927089,13,0.002004008016032064,0.002004008016032064,0,11
1305900,2.57085590714029,2,0.003003003003003003,0.001001001001001001,900,28
648000,4.44472309775297,9,0.001430615164520744,0.001430615164520744,600,27
594900,26.463414397169434,29,0.0014295925661186562,0.0014295925661186562,1200,32
459900,25.66156330253807,34,0.0016680567139282735,8.340283569641367e-4,1000,21
399900,19.32173131526061,36,8.340283569641367e-4,8.340283569641367e-4,1000,25
675000,2.154763547193707,1,0.001669449081803005,0,500,18
899990,9.435575319017218,1,0.002224694104560623,0.0011123470522803114,800,37
649000,7.240330512786701,4,0.001430615164520744,0.001430615164520744,600,15
449000,15.181789805404081,49,0.0012515644555694619,0.0012515644555694619,700,21
442000,11.936960585118781,49,0.001001001001001001,0.001001001001001001,900,27
575900,13.79937122179851,2,0.001669449081803005,0.001669449081803005,500,30
541900,10.193117853121638,18,0.0011123470522803114,0,800,11
619000,5.588197943702832,23,0.001001001001001001,0,900,8
730000,1.59365888210678,5,0.0012515644555694619,0,700,17
1075000,1.9138135879875446,NA,0.002002002002002002,0,900,12
1120000,0.7058144563003996,11,0.0016680567139282735,8.340283569641367e-4,1000,34
899900,10.298366613620049,1,0.002224694104560623,0.0011123470522803114,800,5
918880,1.9171647192411212,6,0.0012515644555694619,0.0012515644555694619,700,19
748000,10.86724700205849,3,0.002224694104560623,0.0011123470522803114,800,22
615000,2.111669288469694,30,0.0011123470522803114,0.0011123470522803114,800,15
459000,14.436479137239056,NA,8.340283569641367e-4,0,1000,21
539900,12.009147649376995,1,0.001669449081803005,0.001669449081803005,500,11
599900,3.0629310496412736,6,0.001669449081803005,0,500,15
779900,3.177816532510679,11,0.0012515644555694619,0.0012515644555694619,700,39
824900,1.6909184012722707,6,0.001430615164520744,0.001430615164520744,600,19
649900,10.275362482843121,6,0.0012515644555694619,0.0012515644555694619,700,40
799995,0.5551745509129166,31,0.0016680567139282735,8.340283569641367e-4,1000,34
1220000,3.435007579042032,38,0.001876172607879925,6.253908692933083e-4,1400,34
395000,9.901659645784889,11,0.0012515644555694619,0.0012515644555694619,700,29
838000,15.165523636291006,6,0.002224694104560623,0.0011123470522803114,800,28
689000,3.1101789606246992,11,0.0012515644555694619,0,700,40
598900,25.904721008297997,0,0.001669449081803005,0.001669449081803005,500,24
579000,1.5706474304864957,NA,0.002004008016032064,0,0,26
564900,15.206041657171028,30,0.0014295925661186562,7.147962830593281e-4,1200,28
449000,11.816707028182433,49,0.001001001001001001,0.001001001001001001,900,28
738000,1.0342731006039976,18,0.0012515644555694619,0.0012515644555694619,700,22
679900,0.9292757262922214,0,0.001669449081803005,0,500,26
828000,1.4422692115636313,0,0.001430615164520744,0.001430615164520744,600,16
1029000,7.7717736472575965,3,0.002002002002002002,0.001001001001001001,900,16
399999,3.7039681494488,NA,0.001669449081803005,0.001669449081803005,500,1
520000,7.240330512786701,4,0.001669449081803005,0,500,15
505000,19.122953553589113,3,0.001430615164520744,0,600,25
525000,14.049826502916376,9,0.001669449081803005,0,500,35
1249900,1.6100885900204518,1,0.0016680567139282735,8.340283569641367e-4,1000,36
960000,1.3742134199069227,11,0.0011123470522803114,0.0011123470522803114,800,33
649900,10.820787232572602,4,0.0025031289111389237,0.0012515644555694619,700,34
898880,1.9262109547658541,14,0.0025031289111389237,0.0012515644555694619,700,30
614980,16.573563624425176,40,0.0014295925661186562,7.147962830593281e-4,1200,30
1288800,3.393695410158313,39,0.002144388849177984,7.147962830593281e-4,1200,40
799900,14.359268452764917,10,0.0016680567139282735,0,1000,32
887900,1.389551050880046,1,0.0012515644555694619,0,700,34
869900,7.436688072620045,22,0.0016680567139282735,8.340283569641367e-4,1000,15
949000,1.7216329289882786,9,0.002224694104560623,0,800,22
705000,11.359065643996882,15,0.002002002002002002,0.001001001001001001,900,40
899900,2.82428977659927,1,0.002224694104560623,0,800,40
969000,1.876854447342327,1,0.002224694104560623,0.0011123470522803114,800,27
799000,13.890481326213468,26,0.0014295925661186562,7.147962830593281e-4,1200,19
999000,2.5583032992956944,5,0.001430615164520744,0,600,23
550000,21.730194083489216,41,0.0016680567139282735,8.340283569641367e-4,1000,25
550000,3.1542548549569043,4,0.002004008016032064,0,0,11
859900,2.5180476715585574,0,0.002861230329041488,0.001430615164520744,600,12
588000,10.822051589235654,9,0.001430615164520744,0.001430615164520744,600,19
624888,10.662214007524176,6,0.001669449081803005,0.001669449081803005,500,40
939888,3.2815972493310097,10,0.002002002002002002,0.001001001001001001,900,40
544800,19.60393382749844,43,0.0014295925661186562,0.0014295925661186562,1200,12
999000,2.1361509595173467,5,0.0025031289111389237,0,700,25
1050000,3.6579367065813035,1,0.0016680567139282735,8.340283569641367e-4,1000,30
899900,12.989020242413607,16,0.0016675931072818232,0.0011117287381878821,1600,31
679000,1.6156920971090478,34,0.002002002002002002,0,900,10
799000,6.100025882826436,22,0.002224694104560623,0.0011123470522803114,800,40
399000,11.232364202074699,48,0.0011123470522803114,0.0011123470522803114,800,1
485000,20.075543727558568,34,0.0011123470522803114,0.0011123470522803114,800,34
579900,13.843258986586916,1,0.001669449081803005,0,500,5
1459900,3.4244836298824146,35,0.0011117287381878821,0.0011117287381878821,1600,34
699999,4.123243915981164,4,0.0025031289111389237,0.0012515644555694619,700,29
719000,7.169336425639631,2,0.001430615164520744,0,600,25
695000,2.376354249395223,30,0.002002002002002002,0.001001001001001001,900,19
610000,7.19396721790674,2,0.002004008016032064,0,0,17
1029000,10.344779556784884,3,0.002224694104560623,0.0011123470522803114,800,36
469900,13.894192623479592,NA,0.001669449081803005,0,500,20
888888,0.6105001894765677,18,0.002002002002002002,0,900,40
700000,0.4699175376116945,14,0.001430615164520744,0.001430615164520744,600,8
499900,25.66156330253807,34,0.0016680567139282735,8.340283569641367e-4,1000,20
395000,8.31363145963994,99,0.0011123470522803114,0.0011123470522803114,800,7
775000,4.481257347465802,5,0.0025031289111389237,0.0012515644555694619,700,14
720000,3.110623918973726,11,0.0025031289111389237,0.0012515644555694619,700,21
588800,11.816707028182433,49,0.0016680567139282735,0,1000,40
899000,2.18111023439429,14,0.002002002002002002,0.001001001001001001,900,38
749000,1.3303568168237279,3,0.001430615164520744,0,600,7
819000,0.9054107032189805,5,0.0012515644555694619,0,700,17
649900,0.4699175376116945,14,0.001430615164520744,0,600,32
859000,1.2181865501999143,15,0.0025031289111389237,0.0012515644555694619,700,22
665000,2.376354249395223,50,0.001001001001001001,0.001001001001001001,900,10
699000,1.6712082536987094,0,0.001669449081803005,0.001669449081803005,500,30
950000,17.960018695130938,NA,0.002224694104560623,0,800,12
558888,2.82428977659927,1,0.001669449081803005,0,500,1
384900,19.25377309593518,50,0.001001001001001001,0.001001001001001001,900,1
579900,1.29064931459077,NA,0.002004008016032064,0,0,8
719000,2.6804370149034855,100,0.0016680567139282735,8.340283569641367e-4,1000,20
635000,10.079389332862325,7,0.001430615164520744,0.001430615164520744,600,3
959900,1.3180068005305898,23,0.0012507817385866166,0,1400,37
723880,17.013658279122616,NA,0.002224694104560623,0.0011123470522803114,800,3
699999,2.4529897284696665,30,0.0012515644555694619,0.0012515644555694619,700,32
799000,1.5904689692742842,17,0.002002002002002002,0.001001001001001001,900,29
725800,0.8943681441618085,11,0.0025031289111389237,0.0012515644555694619,700,39
1295900,2.57085590714029,2,0.002224694104560623,0.0011123470522803114,800,36
849990,2.267752112277668,NA,0.0012515644555694619,0.0012515644555694619,700,13
827400,0.7615807363063122,16,0.0011123470522803114,0,800,18
1048000,15.054526725937261,36,0.0011117287381878821,0.0011117287381878821,1600,36
895000,1.0342731006039976,18,0.002002002002002002,0.001001001001001001,900,20
399900,14.020669385201376,47,0.001001001001001001,0.001001001001001001,900,30
768000,14.958815794200845,43,0.0010005002501250625,0.0010005002501250625,1800,38
785000,1.6712082536987094,0,0.001430615164520744,0.001430615164520744,600,35
599000,2.4249993865037,1,0.001669449081803005,0,500,11
599000,12.791343499649376,7,0.001430615164520744,0.001430615164520744,600,11
789999,11.395595723716253,1,0.0025031289111389237,0.0012515644555694619,700,7
399000,20.75513589740716,46,0.001001001001001001,0.001001001001001001,900,19
1100000,0.8446889398213339,12,0.002002002002002002,0.001001001001001001,900,30
59000,7.136559517400256,4,NA,0.002004008016032064,0,1
569900,10.191947470680555,9,0.001669449081803005,0.001669449081803005,500,21
989000,2.5129600781132764,31,0.0016680567139282735,8.340283569641367e-4,1000,31
910000,14.980167831433274,1,0.002224694104560623,0.0011123470522803114,800,6
1090000,1.9138135879875446,NA,0.002224694104560623,0,800,14
469000,14.436479137239056,NA,7.147962830593281e-4,0,1200,25
525000,12.4017527336347,21,0.001669449081803005,0.001669449081803005,500,21
729900,1.106398950941012,6,0.001430615164520744,0,600,30
1499000,2.5134059389984897,3,0.0016680567139282735,0.0016680567139282735,1000,22
599000,1.1150783047694266,12,0.001430615164520744,0,600,40
469999,20.757882017671477,22,0.002002002002002002,0.001001001001001001,900,18
649888,19.024763266880857,40,0.0014295925661186562,7.147962830593281e-4,1200,NA
729800,1.455888305303517,2,0.001669449081803005,0,500,17
1037990,2.267752112277668,NA,0.002224694104560623,0.0011123470522803114,800,5
549999,11.395595723716253,1,0.002004008016032064,0.002004008016032064,0,7
805000,7.136559517400256,5,0.0025031289111389237,0,700,16
809000,1.8850316921445565,22,0.002224694104560623,0.0011123470522803114,800,24
377500,19.15616926343768,50,0.001001001001001001,0.001001001001001001,900,4
1200000,1.0933337490536774,18,0.002002002002002002,0.001001001001001001,900,4
649000,3.8215918608309805,3,0.001669449081803005,0,500,22
449000,16.654705912684232,46,0.001430615164520744,0.001430615164520744,600,29
1098000,1.3576393198708852,6,0.0016680567139282735,8.340283569641367e-4,1000,31
499000,17.906899549519736,46,8.340283569641367e-4,8.340283569641367e-4,1000,6
808000,1.2384645563156302,8,0.002224694104560623,0.0011123470522803114,800,29
804800,17.013658279122616,1,0.002224694104560623,0.0011123470522803114,800,12
829000,2.2021962325509548,30,0.002002002002002002,0.001001001001001001,900,27
459000,0.8696888073905394,2,0.002004008016032064,0,0,21
659990,14.256223528216417,18,0.002002002002002002,0.002002002002002002,900,19
499900,25.48728287363529,29,0.0014295925661186562,0.0014295925661186562,1200,22
699900,21.850811856809653,18,0.0016680567139282735,8.340283569641367e-4,1000,36
784900,0.5035946232039381,30,8.340283569641367e-4,8.340283569641367e-4,1000,24
456000,3.177816532510679,11,0.002004008016032064,0,0,14
679000,3.7363956644780627,NA,0.0011123470522803114,0.0011123470522803114,800,25
549900,15.545652967088305,7,0.001430615164520744,0.001430615164520744,600,26
685000,0.7411898565080132,13,0.001430615164520744,0,600,34
649000,0.5259107535025267,14,0.001430615164520744,0,600,16
1049900,7.165272090118362,1,0.002224694104560623,0.0011123470522803114,800,NA
728000,0.37966525894524744,13,0.001430615164520744,0,600,29
1275000,4.967246135737803,42,0.0012507817385866166,6.253908692933083e-4,1400,31
590000,2.154763547193707,1,0.001669449081803005,0,500,20
999000,15.265202838938245,7,0.002002002002002002,0.001001001001001001,900,26
1250000,12.051407003475122,18,0.0012507817385866166,6.253908692933083e-4,1400,23
479999,19.62554266855359,50,8.340283569641367e-4,8.340283569641367e-4,1000,19
750000,2.4633698139997113,1,0.002861230329041488,0,600,21
948000,0.4312198680120257,6,0.002224694104560623,0,800,23
469000,13.273827905108137,16,0.001669449081803005,0.001669449081803005,500,24
489900,19.60393382749844,43,0.0016680567139282735,8.340283569641367e-4,1000,37
674998,10.359845490079424,NA,0.001430615164520744,0.001430615164520744,600,29
699900,11.330162803215252,16,0.0016680567139282735,8.340283569641367e-4,1000,25
1368000,0.7217653161788667,10,0.0014295925661186562,7.147962830593281e-4,1200,26
1215000,1.5706474304864957,1,0.0016680567139282735,0,1000,18
659000,1.125846766307371,45,0.001430615164520744,0.001430615164520744,600,19
899000,1.125846766307371,45,0.0016680567139282735,8.340283569641367e-4,1000,33
928000,1.3147121297581086,23,0.002002002002002002,0.001001001001001001,900,15
678000,2.219816448291723,4,0.001669449081803005,0,500,22
729900,3.2455840259098196,7,0.0025031289111389237,0.0012515644555694619,700,18
1400000,18.01305532370522,1,0.0012507817385866166,6.253908692933083e-4,1400,6
1250000,0.6352439769226392,16,0.0014295925661186562,7.147962830593281e-4,1200,22
629900,15.040343556888581,3,0.0025031289111389237,0.0012515644555694619,700,20
769000,2.959967481534163,9,0.002224694104560623,0,800,33
385000,11.318560184157224,49,0.0011123470522803114,0.0011123470522803114,800,35
645000,10.359845490079424,NA,0.001669449081803005,0.001669449081803005,500,12
579900,0.9054107032189805,5,0.001669449081803005,0,500,22
749000,1.4851953675196121,24,0.002224694104560623,0.0011123470522803114,800,11
799000,0.7436376569605953,10,0.0025031289111389237,0,700,8
425000,25.988795546551774,32,0.001430615164520744,0.001430615164520744,600,12
819800,2.3425312639256837,30,0.0016680567139282735,8.340283569641367e-4,1000,25
679000,0.4699175376116945,14,0.0012515644555694619,0,700,39
599000,13.5313104433821,6,0.001430615164520744,0,600,7
499000,7.506756926555361,1,0.002004008016032064,0,0,18
659000,14.376488082741238,24,0.0025031289111389237,0.0012515644555694619,700,8
698800,1.4527162197735726,NA,0.002004008016032064,0,0,12
799000,8.58987349350113,1,0.002002002002002002,0.001001001001001001,900,23
619900,1.5706474304864957,1,0.002004008016032064,0,0,4
999900,1.5736345706573025,1,0.002224694104560623,0.0011123470522803114,800,20
719900,3.649086487180252,33,0.0011123470522803114,0,800,12
665000,3.628311841271304,0,0.002004008016032064,0,0,26
968000,1.2485315445497496,4,0.002224694104560623,0.0011123470522803114,800,20
559900,2.154763547193707,1,0.001669449081803005,0,500,23
649000,18.960283169956316,NA,0.002224694104560623,0.0011123470522803114,800,22
1220900,2.9380819812165186,1,0.002002002002002002,0,900,7
448800,2.0333947971761748,10,0.002004008016032064,0,0,21
419000,16.32680237432763,44,0.0014295925661186562,7.147962830593281e-4,1200,14
379900,19.15616926343768,NA,0.001001001001001001,0.001001001001001001,900,10
639900,14.970073454879099,1,0.001430615164520744,0,600,32
750000,14.206640788830521,3,0.0016680567139282735,8.340283569641367e-4,1000,2
659000,0.687774660367528,6,0.001669449081803005,0.001669449081803005,500,6
599900,2.2436355884283987,22,0.002224694104560623,0.0011123470522803114,800,37
499000,0.6097326775604643,5,0.002004008016032064,0,0,25
795000,3.2175664875431025,19,0.0011123470522803114,0.0011123470522803114,800,40
499900,1.5712832536854415,12,0.002004008016032064,0.002004008016032064,0,17
999800,3.649086487180252,33,0.0014295925661186562,7.147962830593281e-4,1200,18
579999,11.143180936179691,NA,0.001430615164520744,0.001430615164520744,600,10
618000,0.5731815011429656,16,0.0012515644555694619,0.0012515644555694619,700,39
735000,13.691661347826464,7,0.0025031289111389237,0.0012515644555694619,700,8
699900,12.938911175063573,3,0.002002002002002002,0.001001001001001001,900,18
528880,3.2834157715696746,9,0.001669449081803005,0,500,40
699000,1.0698336185065522,9,0.001669449081803005,0,500,26
729000,1.988973300401246,0,0.001430615164520744,0,600,10
898000,10.988907641728135,8,0.002224694104560623,0.002224694104560623,800,40
565000,1.5779389546041271,17,0.0012515644555694619,0,700,11
588888,9.996017338983389,1,0.002861230329041488,0.001430615164520744,600,6
525000,3.871947919727924,6,0.0019230769230769232,0.0019230769230769232,520,27
1295000,0.5364415372798098,19,0.0014295925661186562,7.147962830593281e-4,1200,39
450000,2.733188864866738,50,0.001669449081803005,0.001669449081803005,500,10
975000,3.4815632656733677,19,8.340283569641367e-4,8.340283569641367e-4,1000,28
699000,13.842573403742847,17,0.002002002002002002,0.001001001001001001,900,34
869000,0.642389194670305,2,0.001430615164520744,0,600,21
649900,4.123243915981164,4,0.0025031289111389237,0.0012515644555694619,700,19
679999,14.459045169603554,23,0.001001001001001001,0.001001001001001001,900,16
599000,7.332848427491101,3,0.001430615164520744,0,600,15
459990,14.742757775670546,44,0.0012515644555694619,0.0012515644555694619,700,22
634900,13.967219960177738,18,0.002002002002002002,0.001001001001001001,900,23
364900,19.550093435399155,50,0.0012515644555694619,0.0012515644555694619,700,21
699900,2.267752112277668,1,0.001669449081803005,0,500,8
550000,14.062681707358628,25,0.001430615164520744,0.001430615164520744,600,16
658900,13.924256923186984,10,0.0025031289111389237,0.0012515644555694619,700,20
799900,9.085986222189243,4,0.001430615164520744,0.001430615164520744,600,40
429000,22.52776837609873,1,0.00333889816360601,0,500,18
699000,1.8572504243011603,11,0.0012515644555694619,0.0012515644555694619,700,14
928000,0.769172227224374,5,0.0025031289111389237,0.0012515644555694619,700,17
799000,16.834662118371412,44,0.0012507817385866166,0.0012507817385866166,1400,21
498000,15.206041657171028,30,0.0012515644555694619,0.0012515644555694619,700,24
599000,10.73423597886246,6,0.001669449081803005,0.001669449081803005,500,17
929900,2.5583032992956944,5,0.001430615164520744,0,600,7
659000,1.638598987985002,4,0.001669449081803005,0.001669449081803005,500,17
529000,24.1398934271291,41,0.0014295925661186562,7.147962830593281e-4,1200,31
925000,7.4370711896250254,1,0.002224694104560623,0.0011123470522803114,800,7
685000,7.658688416065124,3,0.001430615164520744,0,600,24
1499999,15.054526725937261,36,0.0010005002501250625,0.002001000500250125,1800,33
625000,2.3425312639256837,30,0.0012515644555694619,0.0012515644555694619,700,30
598800,21.600759003504,24,0.0016680567139282735,0.0016680567139282735,1000,19
795000,1.4422692115636313,0,0.002861230329041488,0,600,17
539000,0.7058144563003996,10,0.002004008016032064,0,0,19
1199900,1.7751588489705796,NA,0.002224694104560623,0,800,13
1328000,3.3374138358977903,18,0.0016680567139282735,8.340283569641367e-4,1000,21
659900,13.286738254665572,NA,0.0025031289111389237,0.0012515644555694619,700,5
599900,14.06801746270737,9,0.001430615164520744,0.001430615164520744,600,16
359000,11.131661879668622,49,0.001430615164520744,0.001430615164520744,600,15
699999,14.980167831433274,1,0.002224694104560623,0.0011123470522803114,800,16
565500,13.497544942074372,14,0.002224694104560623,0.0011123470522803114,800,17
485000,1.1232288049302033,38,0.002004008016032064,0,0,24
888000,11.27329236403889,27,0.0016680567139282735,8.340283569641367e-4,1000,21
660000,14.198127688732606,45,0.0014295925661186562,7.147962830593281e-4,1200,28
1128000,11.531809246515914,37,0.0010005002501250625,5.002501250625312e-4,1800,5
925000,3.083315815314159,16,0.002002002002002002,0.001001001001001001,900,26
515000,9.513380620486668,49,0.0011123470522803114,0.0011123470522803114,800,18
799000,3.4286208384702155,29,0.0016680567139282735,8.340283569641367e-4,1000,21
998850,10.328633037463126,5,0.002224694104560623,0.0011123470522803114,800,35
659000,5.451676876961692,1,0.00333889816360601,0,500,26
725000,2.8799356026060017,11,0.001430615164520744,0,600,6
599999,10.150456450048285,16,0.0012515644555694619,0.0012515644555694619,700,37
724900,1.1150783047694266,12,0.001430615164520744,0.001430615164520744,600,5
599900,2.6987433188517462,49,0.0011123470522803114,0.0011123470522803114,800,23
488000,18.622751521434243,44,0.0016680567139282735,0.0016680567139282735,1000,21
689000,0.6615609034186911,4,0.001430615164520744,0,600,16
1499000,2.959967481534163,9,0.002144388849177984,7.147962830593281e-4,1200,40
678000,14.77471500418981,25,0.002002002002002002,0.001001001001001001,900,15
1169000,9.138937544623595,5,0.0016680567139282735,8.340283569641367e-4,1000,14
485000,2.7862509746587003,8,0.002004008016032064,0,0,13
690000,7.315139585624701,1,0.001669449081803005,0,500,27
399000,11.106746808965001,2,0.002004008016032064,0,0,17
13350,2.3982386383991092,6,0.001669449081803005,0,500,8
720000,2.2896599969524036,1,0.001430615164520744,0.001430615164520744,600,11
614990,16.573563624425176,40,0.0014295925661186562,7.147962830593281e-4,1200,30
799888,2.3076644896798832,16,0.0012515644555694619,0.0012515644555694619,700,24
1278000,3.21035083220818,0,0.0025031289111389237,0.0012515644555694619,700,29
739800,1.8040546585740211,3,0.001430615164520744,0.001430615164520744,600,19
785000,1.6119703776982202,9,0.002224694104560623,0.0011123470522803114,800,38
629000,13.78759765751688,10,0.001669449081803005,0.001669449081803005,500,17
1029000,1.030549992286147,5,0.002224694104560623,0.0011123470522803114,800,28
710000,13.558239957580815,15,0.002224694104560623,0.0011123470522803114,800,30
675000,0.9419545568631147,30,0.001430615164520744,0.001430615164520744,600,16
789900,1.2689952243510811,30,0.001001001001001001,0.001001001001001001,900,38
619900,13.940057125487648,6,0.0012515644555694619,0.0012515644555694619,700,5
469900,3.9898277299580975,6,0.001669449081803005,0,500,19
1088000,0.642389194670305,2,0.002224694104560623,0.0011123470522803114,800,16
653800,23.232680263253965,31,0.0016680567139282735,0.0016680567139282735,1000,31
699000,0.3794101766019927,34,0.0011123470522803114,0,800,10
569000,11.927011740821486,0,0.001669449081803005,0,500,7
965000,5.685226541872517,11,0.0016680567139282735,8.340283569641367e-4,1000,40
949900,1.8360599881606092,15,0.0011123470522803114,0.0011123470522803114,800,8
649019,14.970073454879099,1,0.002861230329041488,0.001430615164520744,600,18
1098000,14.77471500418981,25,0.0012507817385866166,6.253908692933083e-4,1400,38
848000,13.924256923186984,10,0.0016680567139282735,8.340283569641367e-4,1000,40
359000,9.901659645784889,11,0.0012515644555694619,0.0012515644555694619,700,36
725000,15.30188132696185,13,0.002224694104560623,0.0011123470522803114,800,32
799900,2.5180476715585574,0,0.001430615164520744,0.001430615164520744,600,25
899900,1.238517216323395,30,0.0016680567139282735,8.340283569641367e-4,1000,24
1098800,0.5170812424245216,19,0.0016680567139282735,8.340283569641367e-4,1000,14
799000,0.6097326775604643,5,0.0025031289111389237,0.0012515644555694619,700,24
799000,6.475163906721004,6,0.002861230329041488,0.001430615164520744,600,26
1499000,1.9958884707389615,22,0.0011117287381878821,5.558643690939411e-4,1600,22
1050000,4.984749641805457,NA,0.0016680567139282735,8.340283569641367e-4,1000,35
1180000,1.9140290592821794,6,0.002224694104560623,0.0011123470522803114,800,40
688000,0.48715728017165033,6,0.001669449081803005,0,500,24
949880,1.9818431859978527,0,0.002861230329041488,0,600,31
599000,15.545652967088305,7,0.002224694104560623,0.0011123470522803114,800,35
859999,5.418279190320277,48,0.002002002002002002,0.001001001001001001,900,19
1120000,1.9138135879875446,NA,0.002224694104560623,0,800,14
529900,11.816707028182433,49,0.0014295925661186562,0,1200,28
779900,14.980167831433274,1,0.002224694104560623,0.0011123470522803114,800,19
665000,3.309035232380036,8,0.001430615164520744,0,600,29
1035990,2.267752112277668,1,0.002224694104560623,0.0011123470522803114,800,12
1298800,0.981561681659389,50,0.0010005002501250625,5.002501250625312e-4,1800,32
1189000,3.649086487180252,33,0.0012507817385866166,6.253908692933083e-4,1400,20
538888,14.535811319013783,23,0.0012515644555694619,0.0012515644555694619,700,11
799000,12.051407003475122,19,0.0016680567139282735,8.340283569641367e-4,1000,20
468000,22.306046217422363,50,0.0014295925661186562,7.147962830593281e-4,1200,15
549900,2.4218657314198335,0,0.002004008016032064,0,0,9
559000,14.980167831433274,NA,0.001669449081803005,0.001669449081803005,500,17
1229900,1.3147121297581086,24,0.0014295925661186562,0.0014295925661186562,1200,39
499900,26.13958944638186,32,0.002002002002002002,0.002002002002002002,900,14
379900,13.774686088335578,15,0.0012515644555694619,0.0012515644555694619,700,16
1449000,2.150266801986046,18,8.892841262783459e-4,4.4464206313917296e-4,2000,39
850000,3.4984981321346034,7,0.0025031289111389237,0.0012515644555694619,700,20
689900,3.3957992369555208,6,0.0012515644555694619,0.0012515644555694619,700,18
674900,1.6047527094992045,16,0.0025031289111389237,0.0012515644555694619,700,24
499900,12.4017527336347,21,0.002224694104560623,0.0011123470522803114,800,32
499888,3.4286208384702155,29,0.001430615164520744,0,600,18
579999,11.143180936179691,1,0.001430615164520744,0.001430615164520744,600,10
828000,3.3451124484967805,5,0.001430615164520744,0,600,13
600000,13.88474930778193,6,0.001430615164520744,0.001430615164520744,600,40
709000,6.016917039418897,5,0.002861230329041488,0.001430615164520744,600,13
629000,0.6097326775604643,5,0.001669449081803005,0,500,40
499000,17.700703666459905,43,0.0016680567139282735,8.340283569641367e-4,1000,40
758000,1.6810118505715996,32,0.0016680567139282735,8.340283569641367e-4,1000,16
699000,0.642389194670305,2,0.001669449081803005,0,500,23
469900,11.816707028182433,49,8.340283569641367e-4,8.340283569641367e-4,1000,31
998000,11.898032936217213,20,0.0016680567139282735,0.0016680567139282735,1000,26
442700,25.904721008297997,0,0.002004008016032064,0,0,20
619900,1.29064931459077,NA,0.001669449081803005,0,500,9
1149000,14.970073454879099,NA,0.002224694104560623,0.002224694104560623,800,12
524900,0.7058144563003996,10,0.002004008016032064,0,0,19
669000,1.139107890344125,8,0.001669449081803005,0.001669449081803005,500,6
588000,19.891478340951366,32,0.0016680567139282735,8.340283569641367e-4,1000,21
645000,3.1046230372738117,8,0.001430615164520744,0.001430615164520744,600,20
490000,13.829655541747764,16,0.001669449081803005,0.001669449081803005,500,25
559900,15.59464273487405,8,0.001430615164520744,0.001430615164520744,600,19
398888,19.25377309593518,50,0.001001001001001001,0.001001001001001001,900,10
749900,0.6615609034186911,4,0.0012515644555694619,0,700,18
570000,10.820787232572602,4,0.001669449081803005,0.001669449081803005,500,14
690490,1.6712082536987094,0,0.001669449081803005,0,500,31
635000,5.982904282949906,21,0.00333889816360601,0.001669449081803005,500,20
499000,18.856985021548883,NA,0.0025031289111389237,0.0012515644555694619,700,36
524900,15.647660294678543,10,0.001430615164520744,0.001430615164520744,600,26
399900,12.815939332474745,43,0.002002002002002002,0.001001001001001001,900,NA
929900,1.8040546585740211,3,0.0011123470522803114,0.0011123470522803114,800,8
545000,3.9898277299580975,6,0.002004008016032064,0.002004008016032064,0,16
549900,15.122479288003325,46,0.0014295925661186562,7.147962830593281e-4,1200,26
795000,14.948706001853518,1,0.002224694104560623,0.0011123470522803114,800,3
599999,2.3425312639256837,30,0.0016680567139282735,8.340283569641367e-4,1000,36
1395000,1.5470295905193399,3,0.0014295925661186562,7.147962830593281e-4,1200,32
348800,6.432669304875339,1,0.002004008016032064,0,0,6
599000,0.6881516782098585,18,0.001669449081803005,0.001669449081803005,500,16
1235000,1.3303568168237279,3,0.002002002002002002,0.001001001001001001,900,38
1349900,10.184052471761651,0,0.0025020850708924102,8.340283569641367e-4,1000,30
529900,0.4903851403378564,12,0.0011123470522803114,0,800,24
499900,14.970073454879099,NA,0.002004008016032064,0,0,12
335000,17.266415678391343,NA,0.001669449081803005,0.001669449081803005,500,25
989990,18.01305532370522,1,0.0016680567139282735,8.340283569641367e-4,1000,6
1489000,2.7859173865634963,4,0.0012507817385866166,6.253908692933083e-4,1400,25
980000,0.981561681659389,NA,8.340283569641367e-4,8.340283569641367e-4,1000,25
1188000,3.137962016188159,13,0.0025020850708924102,8.340283569641367e-4,1000,14
1065000,2.2788795919941993,23,8.340283569641367e-4,8.340283569641367e-4,1000,31
665000,10.508754410042762,1,0.001669449081803005,0.001669449081803005,500,9
985000,1.3147121297581086,23,0.0014295925661186562,7.147962830593281e-4,1200,21
649900,12.257044253822897,3,0.0012515644555694619,0.0012515644555694619,700,40
599000,2.455514737163604,2,0.002004008016032064,0,0,10
699900,1.2485315445497496,4,0.001430615164520744,0,600,19
1099800,5.385768678865032,1,0.0016680567139282735,0,1000,16
774900,13.812071722760955,45,0.0016680567139282735,8.340283569641367e-4,1000,16
1125000,1.7533367874018693,4,0.002002002002002002,0.001001001001001001,900,26
999988,3.392663891381242,8,0.0012515644555694619,0.0012515644555694619,700,26
1025000,13.921542046993226,12,0.0016680567139282735,8.340283569641367e-4,1000,21
549900,2.6987433188517462,49,0.001669449081803005,0.001669449081803005,500,22
699000,17.7453476148922,31,0.0014295925661186562,0.0014295925661186562,1200,26
799000,3.1542548549569043,4,0.001669449081803005,0,500,32
588000,10.161929412902094,1,0.002861230329041488,0,600,35
879000,2.5134059389984897,3,0.002224694104560623,0.0011123470522803114,800,23
499900,16.673171987466123,46,0.001001001001001001,0.001001001001001001,900,18
649900,13.79937122179851,2,0.001430615164520744,0.001430615164520744,600,32
535000,18.99765650707941,7,0.001669449081803005,0.001669449081803005,500,35
749000,1.2448132286174587,6,0.0012515644555694619,0,700,15
549900,11.746349168909632,0,0.00333889816360601,0.00333889816360601,500,17
936000,2.185629348770226,3,0.0025031289111389237,0.0012515644555694619,700,12
989900,1.2802543046954373,4,0.0025031289111389237,0.0012515644555694619,700,21
928000,2.5583032992956944,5,0.001430615164520744,0,600,16
569900,1.5706474304864957,1,0.002004008016032064,0,0,40
749000,4.123243915981164,4,0.002224694104560623,0.0011123470522803114,800,18
635000,14.970073454879099,1,0.00333889816360601,0.001669449081803005,500,8
430000,3.4612865972901514,47,0.002004008016032064,0,0,7
509900,1.500278838051194,21,0.002004008016032064,0,0,21
889900,0.6097326775604643,5,0.0025031289111389237,0.0012515644555694619,700,31
830000,2.959967481534163,9,0.0025031289111389237,0.0012515644555694619,700,35
899988,1.8694971020605275,4,0.0025031289111389237,0.0012515644555694619,700,24
489999,9.449171792788817,46,0.002004008016032064,0.002004008016032064,0,16
849000,5.695450730167013,28,0.002002002002002002,0.001001001001001001,900,20
799000,1.4422692115636313,0,0.002861230329041488,0,600,14
749000,1.1066406678696485,10,0.001430615164520744,0.001430615164520744,600,16
1190000,1.455888305303517,2,0.002224694104560623,0.0011123470522803114,800,26
703990,3.553153210961734,7,0.001430615164520744,0,600,8
699000,26.031771573335355,5,0.0025020850708924102,8.340283569641367e-4,1000,24
649900,2.4633698139997113,1,0.002004008016032064,0.002004008016032064,0,23
550000,15.59464273487405,8,0.001430615164520744,0.001430615164520744,600,28
1299990,1.5597470906932926,5,0.0016680567139282735,0,1000,40
550000,0.5364415372798098,19,0.001430615164520744,0,600,15
225000,20.299387801547923,49,0.002002002002002002,0.001001001001001001,900,6
639900,11.339811069937381,10,0.0025031289111389237,0.0025031289111389237,700,17
829990,11.395595723716253,1,0.002224694104560623,0.0011123470522803114,800,NA
838000,1.4422692115636313,0,0.001430615164520744,0.001430615164520744,600,40
649000,6.016917039418897,5,0.001669449081803005,0,500,19
829900,3.5370416327552547,5,0.0025031289111389237,0.0012515644555694619,700,25
688000,1.5142663925476987,30,0.0016680567139282735,8.340283569641367e-4,1000,14
1499800,1.8572504243011603,11,0.0012507817385866166,6.253908692933083e-4,1400,40
682000,11.746349168909632,NA,0.002861230329041488,0.001430615164520744,600,38
685000,4.971809845106018,7,0.001430615164520744,0.001430615164520744,600,34
709900,7.169336425639631,2,0.001430615164520744,0,600,15
640000,11.143180936179691,1,0.0025031289111389237,0.0012515644555694619,700,8
1479000,3.4959700042409154,10,0.0012507817385866166,6.253908692933083e-4,1400,16
599000,2.111669288469694,30,0.0012515644555694619,0.0012515644555694619,700,8
628888,16.543476712164686,43,8.340283569641367e-4,8.340283569641367e-4,1000,33
559000,13.569575270887714,18,0.001430615164520744,0.001430615164520744,600,1
820300,0.8210340785615509,1,0.002004008016032064,0,0,24
599900,11.746349168909632,0,0.00333889816360601,0.001669449081803005,500,31
425000,26.463414397169434,29,0.001430615164520744,0.001430615164520744,600,1
799000,14.970073454879099,NA,0.0025031289111389237,0.0012515644555694619,700,11
1299000,9.138937544623595,5,0.002002002002002002,0.001001001001001001,900,10
599000,20.116932401721847,37,0.0014295925661186562,7.147962830593281e-4,1200,15
575000,2.4102338874431757,21,0.001669449081803005,0,500,28
569000,7.240330512786701,4,0.002861230329041488,0,600,1
509900,15.315537127960747,49,0.001001001001001001,0.001001001001001001,900,40
499900,1.6047527094992045,16,0.002004008016032064,0,0,21
639000,2.3425312639256837,30,0.002002002002002002,0.001001001001001001,900,24
1239000,0.9693849655443436,41,0.0012507817385866166,6.253908692933083e-4,1400,40
1299000,0.5019378588024195,18,0.0012507817385866166,6.253908692933083e-4,1400,6
869000,2.7632795735415034,31,0.0016680567139282735,8.340283569641367e-4,1000,26
755000,2.7622311393385215,6,0.001430615164520744,0,600,40
419000,19.50510986236248,50,8.340283569641367e-4,8.340283569641367e-4,1000,31
799000,0.7217653161788667,10,0.002224694104560623,0.0011123470522803114,800,27
526990,8.25752810208154,0,0.002004008016032064,0,0,5
637000,0.8563551997286719,3,0.002004008016032064,0,0,10
575000,19.37326656076913,30,0.0016680567139282735,8.340283569641367e-4,1000,13
479000,10.146450084997808,49,0.001001001001001001,0.001001001001001001,900,14
950000,3.017868646676366,24,0.0016680567139282735,0,1000,14
475000,19.5826122350339,44,0.001001001001001001,0.001001001001001001,900,36
549900,14.790368378075724,1,0.001430615164520744,0.001430615164520744,600,7
729000,1.455888305303517,2,0.001669449081803005,0,500,25
658000,2.185629348770226,3,0.002004008016032064,0,0,15
738000,1.5597470906932926,5,0.0012515644555694619,0.0012515644555694619,700,32
699000,2.5252019471658147,0,0.001430615164520744,0,600,27
529990,4.142529632947804,8,0.002861230329041488,0,600,14
849900,14.948706001853518,1,0.0025031289111389237,0.0012515644555694619,700,6
721900,13.1100914381559,NA,0.0012515644555694619,0,700,4
399995,3.9898277299580975,6,0.001669449081803005,0,500,21
860000,11.695149138447984,32,0.0014295925661186562,0.0014295925661186562,1200,40
393000,20.75513589740716,46,0.0011123470522803114,0.0011123470522803114,800,25
949000,0.8068250861523782,13,0.002002002002002002,0.001001001001001001,900,22
775000,11.395595723716253,1,0.0025031289111389237,0.0012515644555694619,700,10
499900,2.154763547193707,1,0.002004008016032064,0,0,23
749999,13.520270083004922,34,0.0014295925661186562,7.147962830593281e-4,1200,39
599000,1.4422692115636313,0,0.001669449081803005,0,500,17
1099000,11.695149138447984,32,0.0012507817385866166,0.0012507817385866166,1400,30
780000,0.5551745509129166,31,0.0016680567139282735,0,1000,36
880000,3.2455840259098196,7,0.0025031289111389237,0.0012515644555694619,700,40
599900,1.934764596113001,22,0.001669449081803005,0.001669449081803005,500,14
519000,11.816707028182433,49,0.001001001001001001,0.001001001001001001,900,25
1329000,1.8360599881606092,15,0.0014295925661186562,0.0014295925661186562,1200,34
788900,3.3451124484967805,5,0.001430615164520744,0.001430615164520744,600,39
649000,1.1066406678696485,10,0.001430615164520744,0.001430615164520744,600,22
1098000,3.0186246177357705,5,0.0025031289111389237,0.0012515644555694619,700,14
640000,2.9807397277651724,11,0.001430615164520744,0,600,13
585000,2.671164861228886,5,0.002004008016032064,0,0,10
998000,11.695149138447984,32,0.0012507817385866166,6.253908692933083e-4,1400,29
699800,13.842573403742847,17,0.002002002002002002,0.001001001001001001,900,19
799900,1.8248829542311786,10,0.0012515644555694619,0.0012515644555694619,700,1
275000,9.901659645784889,11,0.001430615164520744,0,600,33
279000,24.84293231856758,44,0.001001001001001001,0.001001001001001001,900,25
1239300,10.086968442072418,1,0.002144388849177984,7.147962830593281e-4,1200,10
799900,3.1046230372738117,8,0.002224694104560623,0.0011123470522803114,800,30
599900,15.293812125545434,30,0.0014295925661186562,7.147962830593281e-4,1200,33
44900,3.0629310496412736,6,NA,0.002004008016032064,0,NA
998888,0.9292757262922214,0,0.002224694104560623,0.0011123470522803114,800,2
499000,21.600759003504,24,0.001430615164520744,0.001430615164520744,600,25
529000,20.873400747535555,13,0.001430615164520744,0.001430615164520744,600,25
774888,14.535811319013783,22,0.0016680567139282735,8.340283569641367e-4,1000,35
1399000,4.433104685409138,35,0.0012507817385866166,0.0012507817385866166,1400,34
649000,10.359845490079424,5,0.001430615164520744,0.001430615164520744,600,33
839900,9.173377796755334,10,0.002002002002002002,0.001001001001001001,900,1
699000,0.38941830509294256,34,0.0011123470522803114,0.0011123470522803114,800,17
1365000,1.3303568168237279,3,0.0016680567139282735,8.340283569641367e-4,1000,31
950000,2.0661951477217007,10,0.002002002002002002,0.001001001001001001,900,26
679000,0.6178228836583649,5,0.001430615164520744,0.001430615164520744,600,26
599000,1.59365888210678,5,0.001669449081803005,0,500,15
720000,1.988973300401246,0,0.001430615164520744,0,600,29
788000,13.233763888359544,5,0.002861230329041488,0.001430615164520744,600,27
550000,2.327429501994785,1,0.002004008016032064,0,0,9
639000,14.970073454879099,1,0.001669449081803005,0.001669449081803005,500,8
1078900,13.1100914381559,NA,0.0016680567139282735,0,1000,4
499900,0.5881333223830765,10,0.002004008016032064,0,0,22
1199900,9.329536539268538,15,0.0016680567139282735,8.340283569641367e-4,1000,28
583000,2.5180476715585574,0,0.001669449081803005,0,500,22
549000,24.744382473884116,49,0.0016680567139282735,0.0016680567139282735,1000,17
679000,1.4250367961173431,7,0.001669449081803005,0.001669449081803005,500,22
789800,14.980167831433274,1,0.002224694104560623,0.0011123470522803114,800,13
499900,15.386778211845247,17,0.001669449081803005,0.001669449081803005,500,20
415000,14.436479137239056,NA,8.340283569641367e-4,0,1000,37
549900,2.4827640855782214,30,0.001669449081803005,0.001669449081803005,500,40
519000,21.730194083489216,41,0.0016680567139282735,8.340283569641367e-4,1000,16
798900,2.0387305319603453,1,0.0025031289111389237,0,700,25
783700,2.7622311393385215,6,0.001669449081803005,0,500,7
615000,14.206640788830521,3,0.0012515644555694619,0.0012515644555694619,700,40
630000,7.315139585624701,1,0.001430615164520744,0,600,19
514900,19.314123023236426,44,0.0012507817385866166,6.253908692933083e-4,1400,33
919900,0.5008758105019157,6,0.002224694104560623,0.0011123470522803114,800,2
880000,3.162328986678887,8,0.0012515644555694619,0.0012515644555694619,700,19
599900,14.970073454879099,1,0.00333889816360601,0.001669449081803005,500,1
399800,12.815939332474745,42,0.002224694104560623,0.0011123470522803114,800,15
828000,11.330162803215252,16,0.0016680567139282735,8.340283569641367e-4,1000,30
749900,0.7058144563003996,10,0.0016863406408094434,0.0016863406408094434,593,45
900000,14.970073454879099,1,0.0025031289111389237,0.0012515644555694619,700,22
1195000,5.212732891340379,17,0.0016680567139282735,8.340283569641367e-4,1000,27
749000,13.81168605907245,1,0.002224694104560623,0.0011123470522803114,800,23
1250000,1.5470295905193399,3,0.002002002002002002,0.001001001001001001,900,26
499000,18.622751521434243,44,0.0014295925661186562,7.147962830593281e-4,1200,1
839000,9.061671905823744,16,0.002224694104560623,0.0011123470522803114,800,40
599000,0.8446889398213339,12,0.001669449081803005,0.001669449081803005,500,23
599000,10.079389332862325,7,0.001430615164520744,0.001430615164520744,600,24
1450000,3.017868646676366,24,0.0014295925661186562,0,1200,33
480000,10.276732407167268,49,0.0011123470522803114,0.0011123470522803114,800,40
888000,13.81168605907245,1,0.002224694104560623,0.0011123470522803114,800,29
659000,2.5002679733407813,33,0.0011123470522803114,0.0011123470522803114,800,24
1158000,1.9140290592821794,6,0.002224694104560623,0.0011123470522803114,800,32
939000,13.233763888359544,5,0.002224694104560623,0.0011123470522803114,800,26
729000,20.877763801764683,9,0.002224694104560623,0.0011123470522803114,800,24
499000,14.077192585993417,14,0.002224694104560623,0.0011123470522803114,800,11
670000,1.238517216323395,30,0.0012515644555694619,0.0012515644555694619,700,24
706000,20.877763801764683,9,0.0016680567139282735,8.340283569641367e-4,1000,NA
838000,13.887129821314993,29,0.0014295925661186562,7.147962830593281e-4,1200,21
718800,2.154763547193707,1,0.001669449081803005,0,500,22
719000,7.463892675444005,1,0.0025031289111389237,0,700,11
600000,2.111669288469694,30,0.0011123470522803114,0.0011123470522803114,800,11
669000,6.8226990728251975,1,0.001669449081803005,0,500,16
999000,0.7352956572513889,4,0.0014295925661186562,0.0014295925661186562,1200,40
469900,1.233047515635829,38,0.001669449081803005,0,500,29
534888,2.0661951477217007,10,0.002004008016032064,0,0,10
469900,11.9110968698693,48,8.340283569641367e-4,0,1000,24
799900,0.6178228836583649,5,0.0025031289111389237,0.0012515644555694619,700,16
1225000,3.027778460992719,4,0.002224694104560623,0.0011123470522803114,800,21
868000,7.336209937767093,4,0.0025031289111389237,0.0012515644555694619,700,40
729900,5.73135263273479,1,0.0025031289111389237,0,700,17
799000,13.79506404563593,15,0.002002002002002002,0.001001001001001001,900,40
599900,12.58130590935423,44,0.0016680567139282735,8.340283569641367e-4,1000,20
1059000,3.649147110385707,NA,0.0016680567139282735,8.340283569641367e-4,1000,16
608888,13.849977458749759,47,0.0016680567139282735,0.0016680567139282735,1000,40
638888,0.8593940370752887,8,0.001669449081803005,0,500,38
1318900,0.8210340785615509,1,0.002002002002002002,0,900,23
949980,7.031521083882343,13,0.0016680567139282735,8.340283569641367e-4,1000,35
1300000,1.4422692115636313,0,0.002224694104560623,0.0011123470522803114,800,15
659000,15.623356712979358,10,0.002224694104560623,0.0011123470522803114,800,25
899900,1.7915066996121876,21,0.0016680567139282735,8.340283569641367e-4,1000,28
979000,11.587450161588517,31,0.0012507817385866166,6.253908692933083e-4,1400,30
729900,22.206335909818982,49,0.0014295925661186562,7.147962830593281e-4,1200,15
480000,11.816707028182433,49,8.340283569641367e-4,8.340283569641367e-4,1000,3
525000,15.228201252162176,1,0.001669449081803005,0,500,1
838000,1.6810118505715996,32,0.0014295925661186562,7.147962830593281e-4,1200,27
549900,2.5169448000897936,2,0.001669449081803005,0,500,9
399000,16.32680237432763,44,0.0014295925661186562,0.0014295925661186562,1200,20
975000,15.054526725937261,36,0.0011117287381878821,5.558643690939411e-4,1600,23
499900,7.509762127990895,99,0.0012515644555694619,0.0012515644555694619,700,18
745888,12.95166481500538,15,0.002002002002002002,0.001001001001001001,900,29
395000,25.046584840714747,44,0.0014295925661186562,0.0014295925661186562,1200,20
459900,10.918174671838816,2,0.002004008016032064,0.002004008016032064,0,12
60000,10.508754410042762,1,NA,0.002004008016032064,0,1
1175000,3.628311841271304,1,0.002224694104560623,0,800,21
799999,1.455888305303517,2,0.001430615164520744,0,600,36
399000,17.266415678391343,NA,0.0011123470522803114,0.0011123470522803114,800,23
865000,3.871947919727924,6,0.002224694104560623,0.0011123470522803114,800,36
1499000,1.5706474304864957,1,0.0014295925661186562,7.147962830593281e-4,1200,26
499900,17.659342144324498,43,0.0012515644555694619,0.0012515644555694619,700,16
1450000,0.642389194670305,2,0.0025020850708924102,8.340283569641367e-4,1000,9
1399800,1.9171647192411212,6,0.0014295925661186562,7.147962830593281e-4,1200,40
699000,11.461266168013575,25,0.0016680567139282735,8.340283569641367e-4,1000,31
829000,15.382587694849036,34,0.0012507817385866166,6.253908692933083e-4,1400,19
788800,3.3451124484967805,5,0.0012515644555694619,0.0012515644555694619,700,32
492000,19.60393382749844,43,0.0016680567139282735,8.340283569641367e-4,1000,22
1399000,3.3473675968842813,38,0.0012507817385866166,6.253908692933083e-4,1400,38
1290000,1.5706474304864957,NA,0.0016680567139282735,8.340283569641367e-4,1000,14
599000,0.6105001894765677,18,0.001669449081803005,0,500,25
711002,17.7453476148922,31,0.0014295925661186562,7.147962830593281e-4,1200,29
705000,11.395595723716253,1,0.0012515644555694619,0.0012515644555694619,700,7
968000,2.82428977659927,1,0.002224694104560623,0.0011123470522803114,800,40
499000,13.333338976452149,NA,0.001430615164520744,0,600,38
578000,2.6905508498771424,1,0.002004008016032064,0,0,5
699000,11.330865025133777,46,0.0014295925661186562,7.147962830593281e-4,1200,14
620000,3.0163440489215714,11,0.001430615164520744,0,600,28
649000,16.49658199553838,16,0.0011123470522803114,0.0011123470522803114,800,23
699990,10.359845490079424,5,0.001430615164520744,0.001430615164520744,600,37
715000,1.3614125490517288,32,0.0011123470522803114,0,800,35
699900,2.463130103970391,2,0.001430615164520744,0,600,16
499000,16.7572382041804,43,0.0014295925661186562,0.0014295925661186562,1200,39
780000,10.254444007970378,NA,0.002861230329041488,0.001430615164520744,600,1
799995,0.8266831554418783,7,0.001430615164520744,0,600,34
1026000,7.038675872033647,1,0.002224694104560623,0,800,2
639000,12.404756556911554,27,0.0016680567139282735,8.340283569641367e-4,1000,14
759000,1.9958884707389615,22,0.001001001001001001,0.001001001001001001,900,39
649000,11.339811069937381,10,0.0025031289111389237,0.0025031289111389237,700,26
998000,1.423636002775582,3,0.0016680567139282735,8.340283569641367e-4,1000,39
744900,13.68248162173985,45,0.0016680567139282735,8.340283569641367e-4,1000,27
1119000,0.6097326775604643,5,0.002002002002002002,0.001001001001001001,900,26
850000,5.782029795557555,NA,0.002861230329041488,0,600,12
749900,1.9262109547658541,14,0.001430615164520744,0,600,39
449000,15.382483140900064,20,0.001669449081803005,0,500,19
698000,11.746349168909632,1,0.0025031289111389237,0.0012515644555694619,700,27
868000,3.168647168187057,18,0.002224694104560623,0.0011123470522803114,800,31
1090000,5.23975757314805,NA,6.253908692933083e-4,0.0012507817385866166,1400,40
1210000,1.9138135879875446,NA,0.002002002002002002,0,900,14
549000,13.153139218043428,15,0.001669449081803005,0.001669449081803005,500,7
895000,1.6156920971090478,34,0.0016680567139282735,0,1000,25
635900,14.620666556892429,51,0.0016680567139282735,8.340283569641367e-4,1000,32
849900,3.828256386272453,8,0.002002002002002002,0,900,13
614900,1.587993370164349,28,0.0012515644555694619,0.0012515644555694619,700,28
649900,17.7729315050799,45,0.0014295925661186562,7.147962830593281e-4,1200,31
750000,11.395595723716253,1,0.0025031289111389237,0.0012515644555694619,700,4
638888,14.970073454879099,1,0.002861230329041488,0.001430615164520744,600,20
799000,3.8215918608309805,3,0.001430615164520744,0,600,15
999990,2.5066587520935917,24,0.0016680567139282735,8.340283569641367e-4,1000,30
649900,1.360995644413343,11,0.001430615164520744,0,600,24
729000,12.032212662086383,8,0.002861230329041488,0.001430615164520744,600,33
599000,2.18111023439429,14,0.001430615164520744,0.001430615164520744,600,20
724900,0.5077424380615201,19,0.0012515644555694619,0.0012515644555694619,700,28
729000,13.488202671652893,16,0.002224694104560623,0.0011123470522803114,800,11
479888,24.480618341071775,43,0.0016680567139282735,8.340283569641367e-4,1000,39
900000,14.082063856671274,20,0.002002002002002002,0.001001001001001001,900,20
599900,19.108533233662666,7,0.001669449081803005,0.001669449081803005,500,29
608000,7.315139585624701,1,0.001669449081803005,0,500,20
538900,18.972885865509756,5,0.001430615164520744,0.001430615164520744,600,18
799999,15.054526725937261,36,0.0014295925661186562,0.0014295925661186562,1200,11
688000,1.6823891451302275,38,0.002002002002002002,0.001001001001001001,900,25
895000,5.125887689064077,3,0.0025031289111389237,0.0012515644555694619,700,15
399000,19.15616926343768,NA,0.001001001001001001,0.001001001001001001,900,38
1290000,1.4422692115636313,0,0.002002002002002002,0.001001001001001001,900,21
515900,14.970073454879099,NA,0.001669449081803005,0,500,1
499999,10.298366613620049,1,0.001669449081803005,0,500,10
588000,0.7058144563003996,10,0.002004008016032064,0,0,15
374900,19.25377309593518,50,0.001001001001001001,0.001001001001001001,900,29
938000,1.6909184012722707,6,0.0025031289111389237,0.0012515644555694619,700,24
499999,14.79420622193295,44,0.001001001001001001,0.001001001001001001,900,24
558000,14.789843082477947,1,0.002004008016032064,0.002004008016032064,0,13
579000,2.6905508498771424,1,0.002004008016032064,0,0,37
395000,19.15616926343768,NA,0.001001001001001001,0.001001001001001001,900,2
568880,7.658688416065124,3,0.002004008016032064,0,0,14
399000,11.318560184157224,49,0.0011123470522803114,0.0011123470522803114,800,22
869900,7.315139585624701,1,0.0025031289111389237,0,700,26
879000,13.233763888359544,5,0.002224694104560623,0.0011123470522803114,800,12
738000,2.1069129174795607,8,0.0012515644555694619,0.0012515644555694619,700,37
860000,2.455514737163604,2,0.001669449081803005,0.001669449081803005,500,20
745000,7.764666071315544,8,0.0012515644555694619,0.0012515644555694619,700,37
1394800,7.132061900446731,0,0.0016680567139282735,8.340283569641367e-4,1000,17
559000,7.463892675444005,1,0.002004008016032064,0,0,11
849000,11.002236199859968,30,0.0016680567139282735,8.340283569641367e-4,1000,25
518000,1.2146382283139179,16,0.001669449081803005,0,500,12
719900,9.358350772756067,6,0.002224694104560623,0.0011123470522803114,800,11
698000,2.6017574710031117,30,0.0011123470522803114,0.0011123470522803114,800,35
799000,2.3982386383991092,6,0.002002002002002002,0.001001001001001001,900,26
649999,1.0294926466252625,5,0.002224694104560623,0,800,15
649900,13.720061101563157,6,0.002002002002002002,0.001001001001001001,900,39
479000,11.9110968698693,49,8.340283569641367e-4,0,1000,22
549000,23.459673122067702,14,0.002224694104560623,0.0011123470522803114,800,24
614900,1.139107890344125,8,0.001669449081803005,0.001669449081803005,500,40
749000,1.265696707163634,7,0.001430615164520744,0,600,20
1069000,4.006095177884583,14,0.0016680567139282735,8.340283569641367e-4,1000,25
549900,10.820787232572602,4,0.001669449081803005,0.001669449081803005,500,11
1199000,3.435007579042032,39,0.001876172607879925,6.253908692933083e-4,1400,40
850000,4.246123986386309,0,0.0025031289111389237,0.0012515644555694619,700,38
549900,1.876854447342327,1,0.001669449081803005,0,500,7
899000,0.6097326775604643,5,0.0025031289111389237,0.0012515644555694619,700,10
599900,14.970073454879099,1,0.001430615164520744,0,600,7
899990,1.988973300401246,0,0.0025031289111389237,0,700,11
795000,2.327429501994785,1,0.001669449081803005,0,500,24
499900,18.894767226859045,44,0.0014295925661186562,7.147962830593281e-4,1200,28
1199000,3.0629310496412736,6,0.002002002002002002,0.001001001001001001,900,7
589900,21.457389314273215,47,0.0014295925661186562,7.147962830593281e-4,1200,19
959000,15.3978074874504,NA,0.002002002002002002,0,900,18
730000,12.996725577202138,5,0.0025031289111389237,0.0012515644555694619,700,19
1250000,13.625183203450646,31,0.0016675931072818232,0.0011117287381878821,1600,24
1480000,6.876986560487061,1,0.002002002002002002,0.001001001001001001,900,18
549000,13.834772115176,2,0.001669449081803005,0.001669449081803005,500,8
738800,1.139107890344125,8,0.001430615164520744,0.001430615164520744,600,15
788000,2.455514737163604,2,0.001430615164520744,0,600,23
800000,0.9419545568631147,30,0.002004008016032064,0.002004008016032064,0,NA
1390000,1.9171647192411212,6,0.0014295925661186562,7.147962830593281e-4,1200,23
605000,15.804485110566905,5,0.001430615164520744,0.001430615164520744,600,40
589000,3.92223620338374,3,0.001669449081803005,0,500,23
398500,5.160012555520192,99,0.002004008016032064,0,0,23
499999,17.700703666459905,43,0.0011123470522803114,0.0011123470522803114,800,7
739800,3.7749167170797935,6,0.001430615164520744,0.001430615164520744,600,29
505000,16.622934514587133,0,0.001430615164520744,0.001430615164520744,600,10
1048000,1.8850316921445565,21,0.0016680567139282735,8.340283569641367e-4,1000,39
470000,21.777306219126007,17,0.001669449081803005,0.001669449081803005,500,13
618000,2.216809040842881,NA,0.002004008016032064,0,0,9
755000,3.3928035202223783,7,0.001430615164520744,0.001430615164520744,600,34
920000,3.4561594311355437,20,0.0016680567139282735,8.340283569641367e-4,1000,24
890000,0.769172227224374,5,0.0025031289111389237,0.0012515644555694619,700,19
888000,13.88474930778193,6,0.002002002002002002,0.001001001001001001,900,25
859000,0.6615609034186911,4,0.001430615164520744,0.001430615164520744,600,20
599999,2.2021962325509548,30,0.001430615164520744,0.001430615164520744,600,18
964900,2.1361509595173467,5,0.0012515644555694619,0,700,29
589900,23.385004731956872,30,0.0016680567139282735,8.340283569641367e-4,1000,20
669900,11.746349168909632,0,0.0025031289111389237,0.0012515644555694619,700,36
1499000,0.981561681659389,NA,0.0011117287381878821,5.558643690939411e-4,1600,37
499000,6.475163906721004,6,0.002004008016032064,0,0,13
674999,11.143180936179691,NA,0.0025031289111389237,0.0012515644555694619,700,10
599900,1.0175292161746314,10,0.001430615164520744,0,600,17
1099000,1.4361671220103767,9,0.0016680567139282735,8.340283569641367e-4,1000,34
728000,2.4529897284696665,30,0.002861230329041488,0.001430615164520744,600,13
749000,14.027392927147833,22,0.0016680567139282735,8.340283569641367e-4,1000,25
699900,3.1850018073834887,6,0.001430615164520744,0.001430615164520744,600,27
1500000,0.6615609034186911,4,0.0014295925661186562,7.147962830593281e-4,1200,34
599000,20.318361045459223,46,7.147962830593281e-4,7.147962830593281e-4,1200,14
799500,13.02269994787745,35,0.0012507817385866166,6.253908692933083e-4,1400,39
1299000,7.409051096129146,0,0.0016680567139282735,8.340283569641367e-4,1000,39
